<?xml version="1.0" encoding="UTF-8"?>
<!DOCTYPE mapper PUBLIC "-//mybatis.org//DTD Mapper 3.0//EN" "http://mybatis.org/dtd/mybatis-3-mapper.dtd">

<mapper namespace="com.dao.ErshoutushuDao">

	<!-- 可根据自己的需求，是否要使用 -->
    <resultMap type="com.entity.ErshoutushuEntity" id="ershoutushuMap">
        <result property="tushumingcheng" column="tushumingcheng"/>
        <result property="tushufenlei" column="tushufenlei"/>
        <result property="fengmian" column="fengmian"/>
        <result property="zuozhe" column="zuozhe"/>
        <result property="chubanshe" column="chubanshe"/>
        <result property="chengse" column="chengse"/>
        <result property="tushujianjie" column="tushujianjie"/>
        <result property="maijiazhanghao" column="maijiazhanghao"/>
        <result property="maijiaxingming" column="maijiaxingming"/>
        <result property="clicktime" column="clicktime"/>
        <result property="clicknum" column="clicknum"/>
        <result property="price" column="price"/>
    </resultMap>

	<select id="selectListVO"
		resultType="com.entity.vo.ErshoutushuVO" >
		SELECT * FROM ershoutushu  ershoutushu         
        <where> 1=1 ${ew.sqlSegment}</where>
	</select>
	
	<select id="selectVO"
		resultType="com.entity.vo.ErshoutushuVO" >
		SELECT  ershoutushu.* FROM ershoutushu  ershoutushu 	
 		<where> 1=1 ${ew.sqlSegment}</where>
	</select>

    <select id="selectListView"
		resultType="com.entity.view.ErshoutushuView" >

		SELECT  ershoutushu.* FROM ershoutushu  ershoutushu 	        
        <where> 1=1 ${ew.sqlSegment}</where>
	</select>
	
	<select id="selectView"
		resultType="com.entity.view.ErshoutushuView" >
		SELECT * FROM ershoutushu  ershoutushu <where> 1=1 ${ew.sqlSegment}</where>
	</select>
	

</mapper>
