<?xml version="1.0" encoding="UTF-8"?>
<!DOCTYPE mapper PUBLIC "-//mybatis.org//DTD Mapper 3.0//EN" "http://mybatis.org/dtd/mybatis-3-mapper.dtd">

<mapper namespace="com.dao.MaijiayonghuDao">

	<!-- 可根据自己的需求，是否要使用 -->
    <resultMap type="com.entity.MaijiayonghuEntity" id="maijiayonghuMap">
        <result property="maijiazhanghao" column="maijiazhanghao"/>
        <result property="mima" column="mima"/>
        <result property="maijiaxingming" column="maijiaxingming"/>
        <result property="xingbie" column="xingbie"/>
        <result property="maijiashouji" column="maijiashouji"/>
        <result property="youxiang" column="youxiang"/>
        <result property="zhaopian" column="zhaopian"/>
        <result property="money" column="money"/>
    </resultMap>

	<select id="selectListVO"
		resultType="com.entity.vo.MaijiayonghuVO" >
		SELECT * FROM maijiayonghu  maijiayonghu         
        <where> 1=1 ${ew.sqlSegment}</where>
	</select>
	
	<select id="selectVO"
		resultType="com.entity.vo.MaijiayonghuVO" >
		SELECT  maijiayonghu.* FROM maijiayonghu  maijiayonghu 	
 		<where> 1=1 ${ew.sqlSegment}</where>
	</select>

    <select id="selectListView"
		resultType="com.entity.view.MaijiayonghuView" >

		SELECT  maijiayonghu.* FROM maijiayonghu  maijiayonghu 	        
        <where> 1=1 ${ew.sqlSegment}</where>
	</select>
	
	<select id="selectView"
		resultType="com.entity.view.MaijiayonghuView" >
		SELECT * FROM maijiayonghu  maijiayonghu <where> 1=1 ${ew.sqlSegment}</where>
	</select>
	

</mapper>
