<?xml version="1.0" encoding="UTF-8"?>
<!DOCTYPE mapper PUBLIC "-//mybatis.org//DTD Mapper 3.0//EN" "http://mybatis.org/dtd/mybatis-3-mapper.dtd">

<mapper namespace="com.dao.QiugouhuifuDao">

	<!-- 可根据自己的需求，是否要使用 -->
    <resultMap type="com.entity.QiugouhuifuEntity" id="qiugouhuifuMap">
        <result property="tushumingcheng" column="tushumingcheng"/>
        <result property="tushufenlei" column="tushufenlei"/>
        <result property="zuozhe" column="zuozhe"/>
        <result property="chubanshe" column="chubanshe"/>
        <result property="chengseyaoqiu" column="chengseyaoqiu"/>
        <result property="jieshoujiawei" column="jieshoujiawei"/>
        <result property="yonghuzhanghao" column="yonghuzhanghao"/>
        <result property="yonghuxingming" column="yonghuxingming"/>
        <result property="maijiazhanghao" column="maijiazhanghao"/>
        <result property="maijiaxingming" column="maijiaxingming"/>
        <result property="maijiashouji" column="maijiashouji"/>
        <result property="huifuneirong" column="huifuneirong"/>
        <result property="huifushijian" column="huifushijian"/>
    </resultMap>

	<select id="selectListVO"
		resultType="com.entity.vo.QiugouhuifuVO" >
		SELECT * FROM qiugouhuifu  qiugouhuifu         
        <where> 1=1 ${ew.sqlSegment}</where>
	</select>
	
	<select id="selectVO"
		resultType="com.entity.vo.QiugouhuifuVO" >
		SELECT  qiugouhuifu.* FROM qiugouhuifu  qiugouhuifu 	
 		<where> 1=1 ${ew.sqlSegment}</where>
	</select>

    <select id="selectListView"
		resultType="com.entity.view.QiugouhuifuView" >

		SELECT  qiugouhuifu.* FROM qiugouhuifu  qiugouhuifu 	        
        <where> 1=1 ${ew.sqlSegment}</where>
	</select>
	
	<select id="selectView"
		resultType="com.entity.view.QiugouhuifuView" >
		SELECT * FROM qiugouhuifu  qiugouhuifu <where> 1=1 ${ew.sqlSegment}</where>
	</select>
	

</mapper>
