<?xml version="1.0" encoding="UTF-8"?>
<!DOCTYPE mapper PUBLIC "-//mybatis.org//DTD Mapper 3.0//EN" "http://mybatis.org/dtd/mybatis-3-mapper.dtd">

<mapper namespace="com.dao.QiugoutushuDao">

	<!-- 可根据自己的需求，是否要使用 -->
    <resultMap type="com.entity.QiugoutushuEntity" id="qiugoutushuMap">
        <result property="tushumingcheng" column="tushumingcheng"/>
        <result property="tushufenlei" column="tushufenlei"/>
        <result property="zuozhe" column="zuozhe"/>
        <result property="chubanshe" column="chubanshe"/>
        <result property="chengseyaoqiu" column="chengseyaoqiu"/>
        <result property="jieshoujiawei" column="jieshoujiawei"/>
        <result property="xiangqing" column="xiangqing"/>
        <result property="fabushijian" column="fabushijian"/>
        <result property="yonghuzhanghao" column="yonghuzhanghao"/>
        <result property="yonghuxingming" column="yonghuxingming"/>
    </resultMap>

	<select id="selectListVO"
		resultType="com.entity.vo.QiugoutushuVO" >
		SELECT * FROM qiugoutushu  qiugoutushu         
        <where> 1=1 ${ew.sqlSegment}</where>
	</select>
	
	<select id="selectVO"
		resultType="com.entity.vo.QiugoutushuVO" >
		SELECT  qiugoutushu.* FROM qiugoutushu  qiugoutushu 	
 		<where> 1=1 ${ew.sqlSegment}</where>
	</select>

    <select id="selectListView"
		resultType="com.entity.view.QiugoutushuView" >

		SELECT  qiugoutushu.* FROM qiugoutushu  qiugoutushu 	        
        <where> 1=1 ${ew.sqlSegment}</where>
	</select>
	
	<select id="selectView"
		resultType="com.entity.view.QiugoutushuView" >
		SELECT * FROM qiugoutushu  qiugoutushu <where> 1=1 ${ew.sqlSegment}</where>
	</select>
	

</mapper>
